pdb,mutation,value1,value2
1A0F,A:S11A,-1.800,-0.459
1BA3,A:H461D,-1.745,-1.984
1BA3,A:H489D,0.287,-1.004
1BA3,A:H489K,-0.287,0.913
1BA3,A:H489M,-0.263,-0.841
1BFM,A:M35W,-0.700,-1.362
1BFM,A:M35Y,-0.400,-1.025
1BNL,A:D76A,-0.821,-0.039
1DIV,A:D23A,-0.460,-0.993
1DIV,A:D23N,-0.580,-0.058
1DIV,A:D8N,-0.300,0.091
1DIV,A:E100A,-0.980,-2.169
1DIV,A:E17Q,-0.210,-0.824
1DIV,A:E38Q,-0.560,0.022
1DIV,A:E48Q,0.030,-0.411
1DIV,A:E54Q,0.330,0.002
1DIV,A:H106Q,-1.530,-0.691
1DIV,A:H134Q,-0.340,1.277
1DIV,A:H144Q,-0.560,0.214
1DIV,A:I115A,-3.520,-1.738
1DIV,A:I121A,-2.880,-1.72
1DIV,A:I4A,-2.220,-1.192
1DIV,A:I4V,-0.590,-0.406
1DIV,A:I79A,-3.490,-2.129
1DIV,A:I93A,-3.190,-2.304
1DIV,A:I98A,-4.280,-1.289
1DIV,A:K10M,0.050,0.281
1DIV,A:K14M,0.010,-0.79
1DIV,A:K15M,-0.310,0.076
1DIV,A:K7M,0.350,-0.684
1DIV,A:K96A,0.610,-1.306
1DIV,A:L102A,-2.370,-2.209
1DIV,A:L108A,-2.330,-1.322
1DIV,A:L110A,-3.210,-2.119
1DIV,A:L117A,-0.820,-2.511
1DIV,A:L133A,-2.940,-2.095
1DIV,A:L141A,-3.560,-2.136
1DIV,A:L30A,-2.760,-2.176
1DIV,A:L30V,-3.620,-1.303
1DIV,A:L6A,-3.100,-1.86
1DIV,A:L6I,-0.130,-0.801
1DIV,A:L6V,-0.410,-1.11
1DIV,A:L72A,-3.770,-2.577
1DIV,A:M1A,-1.460,-2.306
1DIV,A:V129A,-1.810,-0.272
1DIV,A:V131A,-1.930,-1.284
1DIV,A:V137A,-2.410,-0.915
1DIV,A:V143A,-3.250,-1.174
1DIV,A:V145A,-1.920,-1.856
1DIV,A:V21A,-2.330,-0.583
1DIV,A:V21I,-0.400,0.577
1DIV,A:V21L,-1.230,1.399
1DIV,A:V3A,-2.550,-0.434
1DIV,A:V3I,-0.310,-0.582
1DIV,A:V3L,-2.210,0.913
1EKG,A:L198C,-1.000,-1.117
1EKG,A:L200C,-2.000,-0.989
1EKG,A:L203C,1.000,0.007
1EKG,A:S181F,-2.600,-0.996
1FRD,A:H42R,2.000,2.867
1FT8,A:I264V,-0.640,-0.663
1FT8,A:L212V,-1.380,-2.085
1FT8,A:L238I,-0.350,0.157
1FT8,A:L267I,-0.110,-2.371
1FT8,A:L293I,-0.800,-0.72
1FT8,A:L293V,-1.410,-2.639
1FT8,A:L315A,-1.650,-2.407
1FT8,A:L317I,-0.850,-1.999
1FT8,A:L348I,-0.530,-1.68
1FT8,A:L349I,0.050,-0.545
1FT8,A:M216L,0.270,-1.534
1FT8,A:S339A,0.320,-0.297
1FT8,A:V287A,-0.160,-1.082
1FXA,A:E94D,-1.100,0.486
1FXA,A:E94K,-0.400,1.746
1FXA,A:E94Q,0.600,0.178
1FXA,A:E95K,1.000,1.835
1FXA,A:F65A,-1.290,-1.83
1FXA,A:F65I,-0.900,-3.61
1FXA,A:F65W,-0.600,0.131
1FXA,A:F65Y,-0.500,0.2
1FXA,A:R42A,-2.400,-4.064
1FXA,A:R42H,-2.000,-3.31
1FXA,A:T48A,0.100,-0.535
1G3P,A:A147K,-0.287,1.273
1G3P,A:D160A,-0.263,-0.452
1G3P,A:D160C,-0.096,-0.054
1G3P,A:D160E,-0.359,-0.214
1G3P,A:D160F,-0.359,0.052
1G3P,A:D160H,0.048,1.23
1G3P,A:D160I,-0.932,0.042
1G3P,A:D160K,-0.335,0.226
1G3P,A:D160L,-0.550,0.168
1G3P,A:D160M,-0.502,0.106
1G3P,A:D160N,0.072,0.136
1G3P,A:D160Q,-0.478,0.728
1G3P,A:D160R,-0.669,1.049
1G3P,A:D160S,-0.287,-0.557
1G3P,A:D160T,-0.741,-0.173
1G3P,A:D160V,-1.123,-0.925
1G3P,A:D160W,-0.167,0.829
1G3P,A:D160Y,-0.072,-0.13
1G3P,A:F136V,-3.705,-2.691
1G3P,A:N139K,-0.430,-0.022
1G3P,A:N139V,-2.032,-1.63
1G3P,A:Q137N,-1.793,-1.413
1G3P,A:Q145N,0.263,-1.302
1G3P,A:R144V,0.765,-0.89
1GUA,B:A118L,-1.951,
1GUA,B:C81A,0.283,-1.203
1GUA,B:C81I,-0.912,0.168
1GUA,B:C95A,-0.080,-1.602
1GUA,B:C96A,-1.759,-1.743
1GUA,B:C96L,-0.043,0.707
1GUA,B:C96M,-0.337,0.485
1GUA,B:D117A,-0.706,0.176
1GUA,B:D129A,-0.855,-0.453
1GUA,B:D80A,-0.493,-1.583
1GUA,B:E104A,0.021,-0.253
1GUA,B:E124A,-0.101,-1.889
1GUA,B:E125A,-0.591,0.405
1GUA,B:I58A,-3.274,-0.5
1GUA,B:I58F,-1.299,-3.044
1GUA,B:I58L,-0.771,0.76
1GUA,B:K109A,-0.327,-1.45
1GUA,B:L112A,-2.593,-1.733
1GUA,B:L121A,-2.534,-2.433
1GUA,B:L126A,-3.405,-1.608
1GUA,B:L62A,-3.460,-2.52
1GUA,B:L78A,-3.803,-2.709
1GUA,B:L82A,-3.529,-2.432
1GUA,B:L82I,-1.600,-0.823
1GUA,B:L82V,-1.700,-2.341
1GUA,B:L86A,-3.226,-1.307
1GUA,B:L91A,-1.575,-1.385
1GUA,B:M76A,-0.961,-1.442
1GUA,B:N56M,0.271,0.216
1GUA,B:N64A,-1.140,-0.272
1GUA,B:Q66A,-0.504,-0.572
1GUA,B:R100A,-0.693,-2.376
1GUA,B:R59A,0.178,-1.391
1GUA,B:R89L,1.078,-1.057
1GUA,B:S77A,-1.573,-0.658
1GUA,B:S77T,0.581,0.411
1GUA,B:T68A,-0.109,-1.665
1GUA,B:V128A,-3.368,-0.894
1GUA,B:V60A,-2.251,-1.565
1GUA,B:V69A,-1.116,-1.3
1GUA,B:V70A,-1.770,-0.855
1GUA,B:V72A,-1.052,-1.192
1GUA,B:V72I,-0.864,0.755
1GUA,B:V98A,-1.981,-1.728
1ITM,A:C24T,-3.300,-0.634
1ITM,A:C3T,-5.000,-0.856
1ITM,A:W91S,1.400,-1.18
1IV7,B:A173C,0.500,
1IV7,B:F189C,-2.500,-1.244
1IV7,B:L162C,-1.900,-1.097
1IV9,A:S76Y,4.299,0.437
1J8I,A:K25A,0.100,-0.689
1J8I,A:K66A,0.100,-0.998
1J8I,A:R23A,0.800,-1.579
1J8I,A:R35A,-0.100,-1.764
1J8I,A:R43A,0.700,-1.112
1J8I,A:R9A,-0.100,-1.555
1JL9,A:A25C,-1.440,1.273
1JLV,A:E64D,-1.162,-0.915
1JLV,A:E64N,-2.304,-0.509
1JLV,A:E64Q,-2.302,0.366
1L6H,A:F39A,-1.697,-0.25
1L6H,A:Y45A,-0.550,2.243
1L6H,A:Y48A,-1.482,-1.003
1LVM,A:K45F,0.430,-2.06
1LVM,A:L56V,0.000,-1.081
1LVM,A:Q58F,0.600,0.351
1N88,A:F21A,-1.390,-0.306
1N88,A:I39A,-1.390,-0.625
1N88,A:I80A,-2.790,-0.484
1N88,A:I89A,-2.350,-0.664
1N88,A:I8V,-1.520,0.839
1N88,A:L13A,-1.520,-2.233
1N88,A:L57A,-1.110,-1.375
1N88,A:V12A,-1.450,-1.872
1N88,A:V30A,-2.840,0.913
1N88,A:V43A,-2.820,0.324
1N88,A:V49A,-2.830,-0.657
1N88,A:V51A,-3.240,-1.832
1N88,A:V54A,-3.730,-0.192
1N88,A:V81A,-2.820,-0.734
1N88,A:V83A,-3.100,-1.277
1N88,A:Y18A,0.060,-2.221
1N88,A:Y26A,-4.610,-3.053
1NM1,A:D187N,-0.880,1.338
1NM1,A:D187Y,-1.900,1.1
1O6X,A:D38A,0.180,-1.702
1O6X,A:E14A,-0.350,-0.869
1O6X,A:F39L,-1.990,0.215
1O6X,A:F65A,-1.290,-1.474
1O6X,A:H51A,-0.700,-3.076
1O6X,A:I15V,-0.470,-1.06
1O6X,A:I23V,0.160,0.101
1O6X,A:I71V,-1.410,-0.535
1O6X,A:I75A,-1.600,-0.038
1O6X,A:K41A,-2.140,-1.324
1O6X,A:L26V,-1.140,-0.995
1O6X,A:N58A,-0.240,-0.612
1O6X,A:V12A,-1.450,-1.098
1O6X,A:V52A,-1.090,-0.263
1O6X,A:Y73L,-2.940,-2.712
1R2Y,A:R244E,-4.200,-1.124
1XXN,A:N181R,0.358,0.449
1XXN,A:N32D,-0.860,0.494
1XXN,A:N54E,-0.645,0.261
1XXN,A:S22E,0.239,0.518
1XXN,A:S27E,-0.645,0.847
2ARF,A:H1069Q,-0.717,0.35
2C9Q,A:Y79F,-0.012,-0.443
2C9Q,A:Y79W,-1.233,0.39
2H3F,A:E12A,1.070,-1.689
2HBB,A:D23A,-0.030,-1.223
2HBB,A:D23N,-0.790,-0.491
2HBB,A:D8A,-1.300,-3.328
2HBB,A:D8N,-0.380,-1.216
2HBB,A:E17A,-1.690,-2.723
2HBB,A:E17Q,-0.330,0.096
2HBB,A:E38A,-0.410,-0.997
2HBB,A:E38Q,-0.680,0.443
2HBB,A:E48Q,0.070,-1.434
2HBB,A:F31A,-2.840,-2.456
2HBB,A:F5L,-1.150,-1.41
2HBB,A:I18A,-2.050,-0.871
2HBB,A:I18V,-0.070,-0.216
2HBB,A:I37A,-1.280,-1.989
2HBB,A:I37V,0.090,-1.3
2HBB,A:I4V,-0.590,-0.095
2HBB,A:K10E,0.130,-0.685
2HBB,A:K10M,0.470,-0.454
2HBB,A:K12A,0.610,-1.585
2HBB,A:K12M,1.800,0.318
2HBB,A:K14A,-0.730,-1.425
2HBB,A:K14M,-0.340,-0.936
2HBB,A:K15M,-0.440,0.282
2HBB,A:K7M,0.210,1.22
2HBB,A:L30A,-2.760,-3.118
2HBB,A:L35A,-1.210,-1.716
2HBB,A:L44A,-1.730,-1.388
2HBB,A:L47A,-0.840,-1.025
2HBB,A:L6A,-3.100,-2.101
2HBB,A:M1A,-1.460,-1.894
2HBB,A:T40S,-0.800,-0.549
2HBB,A:V21A,-2.330,-0.977
2HBB,A:V3A,-2.550,-1.737
2HBB,A:V9A,-1.810,-1.772
2LTB,A:L569R,-3.110,0.308
2LTB,A:M619K,-3.340,-0.574
2LTB,A:R533Q,-1.100,-1.859
2LTB,A:R555Q,-0.360,-0.73
2LTB,A:R555W,1.790,1.169
2M5S,A:D302A,-4.000,-0.753
2M5S,A:H305A,-2.000,-1.818
2NTE,A:I738V,-2.000,-0.724
2NTE,A:R658C,-2.300,-1.009
2PTL,A:A27V,-0.830,-0.469
2PTL,A:A34V,1.470,-0.882
2PTL,A:D52A,-1.210,-1.93
2PTL,A:D64A,-0.200,-2.493
2PTL,A:E35A,-0.590,-1.159
2PTL,A:E46I,-1.080,-1.032
2PTL,A:E60A,-0.230,-2.02
2PTL,A:F26A,-3.120,-2.314
2PTL,A:F26L,-0.680,-0.641
2PTL,A:F36A,-4.150,-1.462
2PTL,A:F36L,-3.120,1.434
2PTL,A:F40L,-0.380,-0.606
2PTL,A:F76L,-3.340,-1.254
2PTL,A:F76V,-3.730,-3.45
2PTL,A:I20A,-4.900,1.212
2PTL,A:I20V,-0.560,-0.799
2PTL,A:I25A,-1.370,-0.649
2PTL,A:I25V,-0.470,-0.401
2PTL,A:I74A,-4.720,0.112
2PTL,A:I74V,-1.690,-1.812
2PTL,A:K21A,-0.920,-2.748
2PTL,A:K37A,-0.880,-1.395
2PTL,A:K55A,0.580,-2.115
2PTL,A:K56A,0.350,-1.243
2PTL,A:K68A,-0.090,-0.989
2PTL,A:K75A,-0.450,-3.163
2PTL,A:L24A,-3.120,-2.677
2PTL,A:L54A,-2.440,-1.243
2PTL,A:L72A,-3.770,-2.162
2PTL,A:N23A,-1.870,-1.119
2PTL,A:N28A,-1.780,-0.699
2PTL,A:N58A,-0.240,-1.637
2PTL,A:N73A,-1.730,-1.272
2PTL,A:S30A,-0.300,-0.157
2PTL,A:S45A,0.410,-0.235
2PTL,A:T19A,-1.630,-0.692
2PTL,A:T31A,-1.170,-0.52
2PTL,A:T33A,-1.110,-0.385
2PTL,A:T39A,-1.250,-1.63
2PTL,A:T44A,-1.090,-0.299
2PTL,A:T62A,-0.970,-0.163
2PTL,A:T71A,-1.830,-0.458
2PTL,A:V18A,-1.220,-0.202
2PTL,A:V63A,-0.920,-1.109
2PTL,A:V65A,-1.140,0.546
2PTL,A:Y48A,-2.820,-1.331
2PTL,A:Y50A,-2.460,-0.726
2PTL,A:Y70A,-1.660,-2.264
2PTL,A:Y70L,0.430,-1.971
2WQG,A:D15A,0.300,-2.225
2WQG,A:D38A,0.180,-2.05
2WQG,A:D39A,-2.200,-1.11
2WQG,A:D39N,-2.600,0.221
2WQG,A:E40Q,-0.100,0.873
2WQG,A:I36A,-0.900,0.323
2WQG,A:I36V,-0.300,-0.236
2WQG,A:K14A,-0.400,-1.576
2WQG,A:K19A,-0.300,-2.088
2WQG,A:K28A,-0.600,-1.743
2WQG,A:L13A,-0.500,-0.194
2WQG,A:L16A,-1.300,-1.683
2WQG,A:L8A,-2.000,-1.48
2WQG,A:Q12A,-0.600,-1.448
2WQG,A:Q33A,0.100,-0.682
2WQG,A:R34A,-0.800,-2.653
2WQG,A:S23A,-0.600,-0.699
2WQG,A:S6A,0.100,-0.323
2WQG,A:T9S,0.100,-0.395
2WQG,A:V10A,-0.100,-0.466
2WQG,A:V11A,0.400,-0.309
2WQG,A:V24A,-0.500,0.141
2WQG,A:Y5F,-2.400,-0.845
2ZTA,A:E11Q,-0.740,-1.003
2ZTA,A:E20Q,0.200,-0.842
2ZTA,A:E22Q,-1.830,-1.063
2ZTA,A:K15A,-0.410,-1.474
2ZTA,A:K27A,-0.910,-1.248
2ZTA,A:K28A,-0.060,-1.804
2ZTA,A:K8A,-0.390,-1.214
2ZTA,A:R25A,-1.660,-0.982
3BN0,A:I20V,-1.506,-0.685
3C2I,A:D156E,-0.880,0.852
3C2I,A:F155S,-0.430,-2.372
3C2I,A:L100V,-1.110,-3.254
3C2I,A:R106Q,-0.120,-1.217
3C2I,A:R106W,-0.040,-1.686
3C2I,A:R133C,-0.370,-1.72
3C2I,A:R133H,-0.240,-1.729
3C2I,A:S134C,-1.050,0.625
3C2I,A:T158A,-0.470,-1.435
3C2I,A:T158M,-0.250,-0.577
3D3B,A:D118A,-0.650,-1.831
3D3B,A:D118E,-0.600,0.172
3D3B,A:D118K,-1.600,1.118
3D3B,A:D118N,-1.340,-0.393
3D3B,A:D118R,-1.410,0.134
3DV0,I:D145A,-2.100,-2.85
3DV0,I:D145N,-0.900,-1.981
3DV0,I:D162N,-2.000,-0.959
3DV0,I:D164A,-2.300,-0.787
3DV0,I:D164N,-1.900,-0.804
3DV0,I:E141A,-0.700,-0.657
3DV0,I:E141Q,-0.400,-0.436
3DV0,I:I146A,-2.700,-1.434
3DV0,I:I146V,-1.200,1.141
3DV0,I:I163V,-0.500,0.273
3DV0,I:L159A,-2.000,-1.189
3DV0,I:L159V,-0.600,-0.08
3DV0,I:L167A,-1.200,-0.78
3DV0,I:L167V,-0.200,-0.891
3DV0,I:V135A,-1.500,-1.947
3DV0,I:V144A,-2.000,-1.002
3DV0,I:V149A,-2.800,-1.441
3DV0,I:V158A,-3.200,-1.832
3DV0,I:Y138F,-2.000,0.382
3L15,B:Y442H,-3.230,-0.525
3MON,B:W3C,-2.866,-1.615
3S4M,A:D122Y,-1.300,-0.448
3S4M,A:I154F,0.096,-5.892
3S4M,A:W155R,-0.693,-0.112
4BUQ,A:Y137A,0.890,-1.974
4BUQ,A:Y48A,-1.435,-2.048
4HE7,A:A19D,-0.240,1.044
4HE7,A:A19K,-0.460,1.096
5OAQ,A:Y429H,-2.990,-1.113
